NUMERO;PRODUCTO_0;PRODUCTO
1;ACEITE ARGO X 20 LITROS;ACEITE
5;ACEITE X 18 LITROS;ACEITE
2;ACEITE SOLIDO CORRIENTE X 15 KILOS;ACEITE SOLIDO
3;ACEITE SOLIDO CORRIENTE X LIBRA;ACEITE SOLIDO
4;ACEITE SOLIDO X 30 LIBRAS;ACEITE SOLIDO
8;AJONJOLI X LIBRA;AJONJOLI
6;AJONJOLI DESCORTEZADO;AJONJOLI DESCORTEZADO
7;AJONJOLI TOSTADO X 25 KILOS;AJONJOLI TOSTADO
9;ALIÑADO X 30 LIBRAS;ALIÑADO
10;ALIÑADO X 30 LIBRAS MANTEPAN;ALIÑADO
11;ALMENDRA NATURAL X LIBRA;ALMENDRA NATURAL
15;ALMIDON CORRIENTE X 50 KILOS;ALMIDON CORRIENTE
16;ALMIDON CORRIENTE X ARROBA;ALMIDON CORRIENTE
19;ALMIDON CORRIENTE X LIBRA;ALMIDON CORRIENTE
17;ALMIDON CORRIENTE X ARROBA FYL;ALMIDON CORRIENTE FYL
12;ALMIDON CORRIENTE SANTA FE X LIBRA;ALMIDON CORRIENTE SANTA FE
13;ALMIDON CORRIENTE SANTAFE PACA X 20 LIBRAS;ALMIDON CORRIENTE SANTA FE
14;ALMIDON CORRIENTE SUMIPAN X ARROBA;ALMIDON CORRIENTE SUMIPAN
18;ALMIDON CORRIENTE X ARROBA SUMIPAN;ALMIDON CORRIENTE SUMIPAN
20;ALMIDON DE YUCA DON AQUILINO PACA X 20 LIBRAS;ALMIDON DE YUCA DON AQUILINO
21;ALMIDON DULCE SANTAFE PACA X 20 LIBRAS;ALMIDON DULCE SANTAFE
22;ALMIDON DULCE SANTAFE X LIBRA;ALMIDON DULCE SANTAFE
25;ALMIDON EXTRA X 50 KILOS;ALMIDON EXTRA
26;ALMIDON EXTRA X ARROBA;ALMIDON EXTRA
27;ALMIDON EXTRA X LIBRA;ALMIDON EXTRA
23;ALMIDON EXTRA SANTAFE PACA X 20 LIBRAS;ALMIDON EXTRA SANTAFE
24;ALMIDON EXTRA SANTAFE X LIBRA;ALMIDON EXTRA SANTAFE
28;ALMIDON PULVERIZADO SANTAFE PACA X 20 LIBRAS;ALMIDON PULVERIZADO SANTAFE
29;ALMIDON SUMIPAN X ARROBA;ALMIDON SUMIPAN
30;ALMIDON THAILANDES X 25 KILOS;ALMIDON THAILANDES
31;ALMIYUCA X 12 KILOS;ALMIYUCA
32;ALMIYUCA X 25 KILOS;ALMIYUCA
33;ALMIYUCA X LIBRA;ALMIYUCA
34;ARTESANO COLMAIZ X 12 KILOS;ARTESANO COLMAIZ
35;AVENA EN HOJUELAS X 30 KILOS;AVENA EN HOJUELAS
36;AVENA EN HOJUELAS X LIBRA;AVENA EN HOJUELAS
37;AZUCAR CORRIENTE X 50 KILOS;AZUCAR CORRIENTE
38;AZUCAR CORRIENTE X LIBRA;AZUCAR CORRIENTE
39;AZUCAR EN SOBRES;AZUCAR EN SOBRES
40;AZUCAR PULVERIZADA X 25 KILOS;AZUCAR PULVERIZADA
41;AZUCAR PULVERIZADA X LIBRA;AZUCAR PULVERIZADA
42;BANDEJA CARTON BARVAL #1 15X15;BANDEJA CARTON BARVAL
43;BASE CIRCULAR 6-7-8 Y 9 CM DORADA;BASE CIRCULAR DORADA
44;BETTER CREMA RICHS WT SUGAR FREE 9;BETTER CREMA RICHS WT
46;BICARBONATO DE SODIO X 25 KILOS;BICARBONATO DE SODIO
47;BICARBONATO DE SODIO X LIBRA;BICARBONATO DE SODIO
45;BICARBONATO DE SODIO CAROLESEN X 2;BICARBONATO DE SODIO CAROLESEN
48;BOCADILLO X ARROBA;BOCADILLO
49;BOLSA CELOFAN TRANSP. 20 X 35 CM X;BOLSA CELOFAN TRANSP.
50;BOLSA CELOFAN TRANSP. ADHESIVA 12;BOLSA CELOFAN TRANSP. ADHESIVA
51;BOLSA DE PAPEL X 1 LB;BOLSA DE PAPEL
52;BOLSA DE PAPEL X 2 LB;BOLSA DE PAPEL
53;BOLSA DE PAPEL X 3 LB;BOLSA DE PAPEL
54;BOLSA DE PAPEL X 4 LB;BOLSA DE PAPEL
55;BOLSA DE PAPEL X 6 LB;BOLSA DE PAPEL
56;BOLSA PAPEL KRAFT 1 LIBRA X 100 UN;BOLSA DE PAPEL KRAFT
57;BOLSA PAPEL KRAFT 2 LIBRAS X 100 U;BOLSA DE PAPEL KRAFT
58;BUNUELO COLMAIZ X 1.000 GRS;BUÑUELO COLMAIZ
59;BUÑUELO COLMAIZ X 12 KILOS;BUÑUELO COLMAIZ
60;BUÑUELO COLMAIZ X 25 KG (25U);BUÑUELO COLMAIZ
61;BUÑUELO COLMAIZ X KILO;BUÑUELO COLMAIZ
65;BU�UELO COLMAIZ X 25 KG (25U);BUÑUELO COLMAIZ
62;BUÑUELO SANTAFE PACA X 20 LIBRAS;BUÑUELO SANTAFE
63;BUÑUELO UNIVERSAL X 12 KILOS;BUÑUELO UNIVERSAL
64;BUÑUELO UNIVERSAL X 25 KILOS;BUÑUELO UNIVERSAL
66;BU�UELO UNIVERSAL X 25 KLS (25 U);BUÑUELO UNIVERSAL
67;CAJA MINIPIE BLANCA CON VENTANA 24;CAJA MINIPIE BLANCA CON VENTANA
68;CAPACILLO NO 5 DISENO X 50;CAPACILLO
69;CARPETA #16 - 40CM X 10 UND;CARPETA #16
72;CARPETA 35CM SWEET PRINT X 10UND;CARPETA #35 SWEET PRINT
70;CARPETA #4 10 CM SWEET PRINT X 10;CARPETA #4 SWEET PRINT
71;CARPETA #4 X 10CM SWEET PRINT X 10;CARPETA #4 SWEET PRINT
74;CHIPS DE CHOCOLATE BLANCO X 500 GRS;CHIPS DE CHOCOLATE BLANCO
75;CHOCOLATE REAL LUKER PALENQUE (70%;CHOCOLATE REAL LUKER PALENQUE
76;CHUNKS AL 47% X1KL NACIONAL DE CHO;CHUNKS AL 47%
77;CIRUELA PASA CAJA X 10 KILOS;CIRUELA PASA 
78;CIRUELA PASA X LIBRA;CIRUELA PASA 
79;COBERTURA CORDILLERA BLANCA NAC. C;COBERTURA CORDILLERA BLANCA NAC.
80;COBERTURA F&M BLANCA;COBERTURA F&M BLANCA
81;COBERTURA F&M BLANCA X LIBRA;COBERTURA F&M BLANCA
82;COBERTURA F&M CHOCOLATE;COBERTURA F&M CHOCOLATE
83;COBERTURA F&M CHOCOLATE X LIBRA;COBERTURA F&M CHOCOLATE
84;"COBERTURA PICCOLO "" CHOCOLATE";COBERTURA PICCOLO CHOCOLATE
85;COCO AZUCARADO;COCO AZUCARADO
86;COCO CABELLO DE ANGEL;COCO CABELLO DE ANGEL
87;COCO CABELLO X KILO;COCO CABELLO DE ANGEL
88;COCO DESHIDRATADO X 250 GRS;COCO DESHIDRATADO
89;COCO NATURAL X 25 KILOS;COCO NATURAL
90;COCOA NATURAL;COCOA NATURAL
91;COCOA SANTILLANA EN POLVO 500 GRS;COCOA SANTILLANA EN POLVO
92;COLMAIZ ALMOJABANA;ALMOJABANA COLMAIZ 
93;COLMAIZ ALMOJABANA X 12 KILOS;ALMOJABANA COLMAIZ 
94;COLMAIZ ALMOJABANA X 25 KILOS (KL);ALMOJABANA COLMAIZ 
95;COLMAIZ ALMOJABANA X KILO;ALMOJABANA COLMAIZ 
96;COLMAIZ ANDINO X 12 KILOS;ANDINO COLMAIZ 
97;COLMAIZ BUÑUELO X LIBRA;BUÑUELO COLMAIZ 
98;COLMAIZ MISTER X 50 KILOS;MISTER COLMAIZ 
99;COLMAIZ PANDEBONO X 12 KILOS;PANDEBONO COLMAIZ 
100;COLMAIZ PANDEBONO X 25K (25U);PANDEBONO COLMAIZ 
101;COLMAIZ PANDEBONO X KILO;PANDEBONO COLMAIZ 
102;COLMAIZ PANDEQUESO X 25K (25U);PANDEQUESO COLMAIZ 
103;COLMAIZ PANDEYUCA X 12 KILOS;PANDEYUCA COLMAIZ 
104;COLMAIZ PANDEYUCA X 25K (25U);PANDEYUCA COLMAIZ 
105;COLMAIZ PANDEYUCA X KILO;PANDEYUCA COLMAIZ 
106;COLOR CARAMELO CAROLESEN X 650 GR;COLOR CARAMELO CAROLESEN
107;COLORANTE LIQUIDO PAYASITO GOTERO;COLORANTE LIQUIDO PAYASITO GOTERO
108;CORTADOR EN ACERO CUADRADO 8 X 1 C;CORTADOR EN ACERO CUADRADO
73;CASO OO COPA DARNEL CRISTAL MURANO;DARNEL CRISTAL MURANO
109;DESMOLDANTE SPRAY X 100 ML;DESMOLDANTE SPRAY
110;DOLCERRA X 24 U;DOLCERRA
111;DOLLCERRA X KILO;DOLCERRA
112;DOMICILIO;DOMICILIO
113;DULCE DE LECHE MILHOJA X 5 KILOS;DULCE DE LECHE MILHOJA
114;DULCE DE LECHE ROSCON X 5 KILOS;DULCE DE LECHE ROSCON
115;ECO-MINICUCHARA INVENTTO 9 CMS;ECO-MINICUCHARA INVENTTO
116;ECO-MINICUCHARA INVENTTO 9 CMS X 1;ECO-MINICUCHARA INVENTTO
117;ESENCIA GALON X 3850 ML;ESENCIA GALON
118;ESENCIA GALON X 3850 ML AREQUIPE;ESENCIA GALON  AREQUIPE
119;ESENCIA GALON X 3850 ML LECHE CONDENSADA;ESENCIA GALON LECHE CONDENSADA
120;ESENCIA GALON X 3850 ML VAINILLA;ESENCIA GALON VAINILLA
121;ESENCIA GALON X 3850 ML VAINILLA BLANCA;ESENCIA GALON VAINILLA BLANCA
122;ESENCIA PET X 510 ML;ESENCIA PET
123;ESENCIA PET X 510 ML AREQUIPE;ESENCIA PET AREQUIPE
124;ESENCIA PET X 510 ML BLANCA VAINILLA;ESENCIA PET BLANCA VAINILLA
125;ESENCIA PET X 510 ML CONDENSADA;ESENCIA PET LECHE CONDENSADA
126;ESENCIA PET X 510 ML LECHE CONDENSADA;ESENCIA PET LECHE CONDENSADA
127;ESENCIA PET X 510 ML VAINILLA;ESENCIA PET VAINILLA
128;ESENCIA PET X 510 ML VAINILLA BLANCA;ESENCIA PET VAINILLA BLANCA
129;EXHIBIDOR TORTA BASE EN BAMBOO Y D;EXHIBIDOR TORTA BASE EN BAMBOO
130;EXPANDEX;EXPANDEX
131;EXPANDEX X 12 KILOS;EXPANDEX
132;EXPANDEX X 25 KILOS;EXPANDEX
147;FECULA X 12 KILOS;FECULA
148;FECULA X LIBRA;FECULA
133;FECULA ARGO X 25 KILOS;FECULA ARGO
134;FECULA BUFALO X 25 KILOS;FECULA BUFALO
135;FECULA CORRUMEZ X 12 KILOS;FECULA CORRUMEZ
136;FECULA CORRUMEZ X 25 KILOS;FECULA CORRUMEZ
137;FECULA DON AQUILINO X 500 GRS;FECULA DON AQUILINO
138;FECULA PORCELANA X 25 KILOS;FECULA PORCELANA
139;FECULA SAGUZENA X 12 KILOS;FECULA SAGUZENA
140;FECULA SAGUZENA X 25 KILOS;FECULA SAGUZENA
141;FECULA SAGUZENA X 25K (25U);FECULA SAGUZENA
142;FECULA SANTAFE X LIBRA;FECULA SANTAFE
143;FECULA SANTAFE X PACA;FECULA SANTAFE
144;FECULA SUMIPAN X 12 KILOS;FECULA SUMIPAN
145;FECULA UNIVERSAL X 12 KILOS;FECULA UNIVERSAL
146;FECULA UNIVERSAL X 25 KILOS;FECULA UNIVERSAL
149;FRUTA CRISTALIZADA;FRUTA CRISTALIZADA
150;GALLETA TRITURADA RECREO NOEL X 10;GALLETA TRITURADA RECREO NOEL
151;GELATINA SIN SABOR;GELATINA SIN SABOR
152;GLUCOSA X 290 KILOS;GLUCOSA
153;GLUCOSA X 40 KILOS;GLUCOSA
154;GRAGEA CONFETTI AMERICANO VARIADO;GRAGEA CONFETTI AMERICANO VARIADO
155;HABAS;HABAS
156;HARINA DE MAIZ CRUDA X 50 KILOS;HARINA DE MAIZ CRUDA
157;HARINA DE MAIZ CRUDA X LIBRA;HARINA DE MAIZ CRUDA
158;HARINA DE SAGU X ARROBA;HARINA DE SAGU
159;HARINA DE SAGU X LIBRA;HARINA DE SAGU
164;HARINA DE TRIGO X LIBRA;HARINA DE TRIGO
160;HARINA DE TRIGO EL LOBO X 50 KILOS;HARINA DE TRIGO EL LOBO
163;HARINA DE TRIGO LOBO X LIBRA;HARINA DE TRIGO EL LOBO
165;HARINA DE TRIGO X LIBRA LOBO;HARINA DE TRIGO EL LOBO
161;HARINA DE TRIGO HAZ DE OROS X 50 KILOS;HARINA DE TRIGO HAZ DE OROS
162;HARINA DE TRIGO INDUPAN;HARINA DE TRIGO INDUPAN
166;HARINA INTEGRAL X 12.5 KG;HARINA INTEGRAL
168;HARINA PRECOCIDA X LIBRA;HARINA PRECOCIDA
167;HARINA PRECOCIDA X 50 KILOS;HARINA PRECOCIDA X 50 KILOS
169;LINAZA EN PEPA;LINAZA EN PEPA
170;MANGAS MINI;MANGAS MINI
171;MANI DULCE X ARROBA;MANI DULCE
172;MANI DULCE X LIBRA;MANI DULCE
173;MANI NATURAL X ARROBA;MANI NATURAL
174;MANI NATURAL X LIBRA;MANI NATURAL
175;MANI SALADO X ARROBA;MANI SALADO
176;MANI TRITURADO X ARROBA;MANI TRITURADO
177;MANI TRITURADO X LIBRA;MANI TRITURADO
178;MANTEQUILLA ALPINA SIN SAL X 125 G;MANTEQUILLA ALPINA SIN SAL
179;MARGARINA CINCO ESTRELLAS BLOQUE X 15 KILOS;MARGARINA CINCO ESTRELLAS
180;MARGARINA LEBAGUETTE BLOQUE X 15 KILOS;MARGARINA LEBAGUETTE
181;MARGARINA OLEOFREE X 15 KL;MARGARINA OLEOFREE
182;MARGARINA X LIBRA;MARGARINA
183;MILLAR CAPACILLOS DECORADOS 1.5;MILLAR CAPACILLOS DECORADOS
184;MOLDE ALUMINIO PARA PIE 18.5 CM;MOLDE ALUMINIO PARA PIE
185;MOLDE ALUMINIO REDONDO TUBO 1/4 LI;MOLDE ALUMINIO REDONDO TUBO
186;MOLDE LATA ALUMINIO MANTECADA GRAN;MOLDE LATA ALUMINIO MANTECADA GRAN
187;MOLDE PARA CUPCAKES X12;MOLDE PARA CUPCAKES
188;MOLDE SILICONA COPO DE NIEVE X1;MOLDE SILICONA COPO DE NIEVE
189;"NATILLA ""LA RECETA DE MAM�"" CAJA 300 GRS";"NATILLA ""LA RECETA DE MAMÁ"" CAJA"
190;"NATILLA ""LA RECETA DEL FOGON"" X 500 GRS AREQUIPE";"NATILLA ""LA RECETA DEL FOGON"" AREQUIPE"
191;"NATILLA ""LA RECETA DEL FOGON"" X 500 GRS COCO";"NATILLA ""LA RECETA DEL FOGON"" COCO"
192;"NATILLA ""LA RECETA DEL FOGON"" X 500 GRS TRADICIONAL";"NATILLA ""LA RECETA DEL FOGON"" TRADICIONAL"
193;NUEZ DEL BRAZIL X LIBRA;NUEZ DEL BRAZIL
194;NUEZ MOSCADA EN PEPA;NUEZ MOSCADA EN PEPA
195;PINCHO INVENTO PALA 9 CMS X 100 UN;PINCHO INVENTTO PALA
196;PINCHO INVENTTO JAPONES 9 CMS X 10;PINCHO INVENTTO JAPONES
197;PINCHO INVENTTO PERLA PLATEADA 12;PINCHO INVENTTO PERLA PLATEADA
198;PINCHO INVENTTO ROJO 9 CMS X 100 U;PINCHO INVENTTO ROJO
199;POLVO PARA HORNEAR;POLVO PARA HORNEAR
200;POLVO PARA HORNEAR X 25 KILOS;POLVO PARA HORNEAR
201;POLVO PARA HORNEAR X 25 KILOS ( LB )( KL );POLVO PARA HORNEAR
202;PREMEZCLA RICHS BISCOCHUELO X 500;PREMEZCLA RICHS BISCOCHUELO
203;QUESO;QUESO
379;QUESO X LIBRAS;QUESO
382;QUESO XLIBRA;QUESO
248;QUESO BAJO EN SAL HUEQUIDITO CORTE;QUESO BAJO EN SAL
245;QUESO BAJO EN SAL CORTE HUECUDITO;QUESO BAJO EN SAL CORTE HUECUDITO
246;QUESO BAJO EN SAL DE CORTE;QUESO BAJO EN SAL CORTE HUECUDITO
247;QUESO BAJO EN SAL HUECUDITO DE CORTE;QUESO BAJO EN SAL CORTE HUECUDITO
249;QUESO BIEN SIMPLE;QUESO BIEN SIMPLE
273;QUESO CORTE;QUESO CORTE
312;QUESO DE CORTE;QUESO CORTE
277;QUESO CORTE BAJO EN;QUESO CORTE BAJO EN SAL
278;QUESO CORTE BAJO EN SAK;QUESO CORTE BAJO EN SAL
279;QUESO CORTE BAJO EN SAL;QUESO CORTE BAJO EN SAL
290;QUESO CORTE BAJO ENSAL;QUESO CORTE BAJO EN SAL
291;QUESO CORTE BAJO SAL;QUESO CORTE BAJO EN SAL
313;QUESO DE CORTE BAJO EN SAL;QUESO CORTE BAJO EN SAL
280;QUESO CORTE BAJO EN SAL BLANDITO;QUESO CORTE BAJO EN SAL BLANDITO
281;QUESO CORTE BAJO EN SAL DE MESA;QUESO CORTE BAJO EN SAL DE MESA
282;QUESO CORTE BAJO EN SAL DURO;QUESO CORTE BAJO EN SAL DURO
283;QUESO CORTE BAJO EN SAL HUECUDITO;QUESO CORTE BAJO EN SAL HUECUDITO
284;QUESO CORTE BAJO EN SAL HUECUIDITO;QUESO CORTE BAJO EN SAL HUECUDITO
285;QUESO CORTE BAJO EN SAL HUEQUDITO;QUESO CORTE BAJO EN SAL HUECUDITO
286;QUESO CORTE BAJO EN SAL HUEQUIDITA;QUESO CORTE BAJO EN SAL HUECUDITO
287;QUESO CORTE BAJO EN SAL HUEQUIDITO;QUESO CORTE BAJO EN SAL HUECUDITO
288;QUESO CORTE BAJO EN SAL MESA;QUESO CORTE BAJO EN SAL DE MESA
289;QUESO CORTE BAJO EN SAL SECO;QUESO CORTE BAJO EN SAL SECO
292;QUESO CORTE BLANDITO;QUESO CORTE BLANDITO
294;QUESO CORTE BONITO;QUESO CORTE BONITO
295;QUESO CORTE DE MESA;QUESO CORTE DE MESA
296;QUESO CORTE DE MESA BAJO EN SAL;QUESO CORTE BAJO EN SAL DE MESA
297;QUESO CORTE DURO;QUESO CORTE DURO
298;QUESO CORTE DURO BAJO EN SAL;QUESO CORTE BAJO EN SAL DURO
299;QUESO CORTE DURO MESA BAJO EN SAL;QUESO CORTE BAJO EN SAL DE MESA DURO
300;QUESO CORTE DURO SECO;QUESO CORTE DURO SECO
293;QUESO CORTE BLOQUE;QUESO CORTE EN BLOQUE
274;QUESO CORTE 2BS DE MEDIA;QUESO CORTE EN BOLSA
275;QUESO CORTE 2PQ DE MEDIA;QUESO CORTE EN PAQUETE
276;QUESO CORTE 5PQ X 10LB;QUESO CORTE EN PAQUETE
301;QUESO CORTE FYL;QUESO CORTE FYL
302;QUESO CORTE HUECUDITO;QUESO CORTE HUECUDITO
303;QUESO CORTE MESA;QUESO CORTE MESA
304;QUESO CORTE MESA BAJO EN SAL;QUESO CORTE MESA BAJO EN SAL
305;QUESO CORTE PARA DEDITOS;QUESO CORTE PARA DEDITOS
306;QUESO CORTE PARA MOLER;QUESO CORTE PARA MOLER
307;QUESO CORTE SECO;QUESO CORTE SECO
308;QUESO CORTE SIMPLE;QUESO CORTE SIMPLE
309;QUESO COSTENO X 250 GRS;QUESO COSTEÑO
310;QUESO COSTENO X 500 GRS;QUESO COSTEÑO
311;QUESO COSTE�O BLOQUE SIMPLE;QUESO COSTEÑO SIMPLE
315;QUESO DOBLECREMA;QUESO DOBLECREMA
316;QUESO DOBLECREMA TAJADO;QUESO DOBLECREMA TAJADO
317;QUESO DURO;QUESO DURO
318;QUESO DURO 2BS - 10LB;QUESO DURO
380;QUESO X LIBRAS DURO;QUESO DURO
319;QUESO DURO BAJO EN SAL;QUESO DURO BAJO EN SAL
320;QUESO DURO CORTE;QUESO DURO CORTE
321;QUESO DURO CORTE BAJO EN SAL;QUESO DURO CORTE BAJO EN SAL
322;QUESO DURO FRESCO;QUESO DURO FRESCO
323;QUESO DURO MOLER;QUESO DURO PARA MOLER
324;QUESO DURO PARA MOLER;QUESO DURO PARA MOLER
325;QUESO DURO SALADO;QUESO DURO SALADO
206;QUESO 12 PQT X20 LB DURO SECO;QUESO DURO SECO EN PAQUETE
213;QUESO 2 BLOQUES;QUESO EN BLOQUE
214;QUESO 2 BLOQUES X 12.5LB;QUESO EN BLOQUE
232;QUESO 3BL DE 6LB;QUESO EN BLOQUE
250;QUESO BLOQUE;QUESO EN BLOQUE
251;QUESO BLOQUE 10PQ X 10LB;QUESO EN BLOQUE
252;QUESO BLOQUE 13 BS DE 10LB;QUESO EN BLOQUE
253;QUESO BLOQUE 18PQ X 10LB;QUESO EN BLOQUE
254;QUESO BLOQUE 19PQ X 10 LB;QUESO EN BLOQUE
255;QUESO BLOQUE 1BS DE 5LB;QUESO EN BLOQUE
263;QUESO BLOQUE LB X LB;QUESO EN BLOQUE
272;QUESO BLOQUE X LB;QUESO EN BLOQUE
326;QUESO EN BLOQUE;QUESO EN BLOQUE
258;QUESO BLOQUE CORTE;QUESO EN BLOQUE 
256;QUESO BLOQUE BAJO EN SAL;QUESO EN BLOQUE BAJO EN SAL
257;QUESO BLOQUE BOLSAS 10;QUESO EN BLOQUE BOLSA
260;QUESO BLOQUE DE CORTE;QUESO EN BLOQUE DE CORTE
261;QUESO BLOQUE DE CORTE BAJO EN SAL;QUESO EN BLOQUE DE CORTE BAJO EN SAL
259;QUESO BLOQUE CORTE SAL;QUESO EN BLOQUE DE CORTE SAL
262;QUESO BLOQUE FYL;QUESO EN BLOQUE FYL
267;QUESO BLOQUE PQT X 10 LBR;QUESO EN BLOQUE PAQUETE
264;QUESO BLOQUE MOLER;QUESO EN BLOQUE PARA MOLER
265;QUESO BLOQUE PARA MOLER;QUESO EN BLOQUE PARA MOLER
266;QUESO BLOQUE PARA MOLER SECO;QUESO EN BLOQUE PARA MOLER SECO
268;QUESO BLOQUE SECO;QUESO EN BLOQUE SECO
269;QUESO BLOQUE SIMPLE;QUESO EN BLOQUE SIMPLE
270;QUESO BLOQUE SIMPLE CORTE;QUESO EN BLOQUE SIMPLE DE CORTE
271;QUESO BLOQUE SIMPLE MOLER;QUESO EN BLOQUE SIMPLE MOLER
205;QUESO 10 BOLSAS X10 LBR;QUESO EN BOLSA
207;QUESO 13 BOLSAS X10 LB;QUESO EN BOLSA
209;QUESO 17 BOLSAS X10 LBR;QUESO EN BOLSA
210;QUESO 18 BOLSAS X 10 LBR;QUESO EN BOLSA
212;QUESO 1BS DE 5LB;QUESO EN BOLSA
216;QUESO 2 BS DE 10 LB;QUESO EN BOLSA
221;QUESO 2BQ X 12.5LB;QUESO EN BOLSA
222;QUESO 2BS DE 10LB;QUESO EN BOLSA
223;QUESO 2BS DE 6LB;QUESO EN BOLSA
224;QUESO 2BS DE 7LB;QUESO EN BOLSA
233;QUESO 3BS DE 10LB;QUESO EN BOLSA
242;QUESO 5 BOLSAS X 10 LBR;QUESO EN BOLSA
244;QUESO 6 BOLSAS X10 LBR;QUESO EN BOLSA
378;QUESO X 2 BOLSAS 7 LBR;QUESO EN BOLSA
208;QUESO 15PQ X 2 LB;QUESO EN PAQUETE
211;QUESO 18PQ DE 1000GR;QUESO EN PAQUETE
217;QUESO 2 PAQ X10 LBR;QUESO EN PAQUETE
218;QUESO 2 PAQTES X10 LBR;QUESO EN PAQUETE
219;QUESO 2 PQ X 6 LB;QUESO EN PAQUETE
220;QUESO 20 PAQUETES X10 LBR;QUESO EN PAQUETE
225;QUESO 2PQ - 7LB;QUESO EN PAQUETE
226;QUESO 2PQ DE 3LB;QUESO EN PAQUETE
227;QUESO 2PQ DE 6LB;QUESO EN PAQUETE
228;QUESO 2PQ X 10 LB;QUESO EN PAQUETE
229;QUESO 2PQ X 3LB;QUESO EN PAQUETE
230;QUESO 3 PAQ X 6 LBR;QUESO EN PAQUETE
231;QUESO 3 PQ X6 LB;QUESO EN PAQUETE
235;QUESO 3PQ DE 10 LB;QUESO EN PAQUETE
236;QUESO 3PQ DE 10LB;QUESO EN PAQUETE
237;QUESO 3PQ DE 3LB;QUESO EN PAQUETE
238;QUESO 3PQ DE 7LB;QUESO EN PAQUETE
239;QUESO 3PQ DE 8LB;QUESO EN PAQUETE
240;QUESO 3PQ X 10LB;QUESO EN PAQUETE
241;QUESO 4PQ DE 5LB;QUESO EN PAQUETE
243;QUESO 5 PQ DE KILO;QUESO EN PAQUETE
327;QUESO HUILA;QUESO HUILA
328;QUESO KILO A KILO MOLIDO;QUESO MOLIDO
332;QUESO MOLID0;QUESO MOLIDO
333;QUESO MOLIDO;QUESO MOLIDO
356;QUESO MOLIDO KILO A KILO;QUESO MOLIDO
357;QUESO MOLIDO KL X KL;QUESO MOLIDO
358;QUESO MOLIDO LB X LB;QUESO MOLIDO
361;QUESO MOLIDO X KL;QUESO MOLIDO
362;QUESO MOLIDO X LB;QUESO MOLIDO
363;QUESO MOLIDO XLIBRAS;QUESO MOLIDO
353;QUESO MOLIDO BAJO EN SAL;QUESO MOLIDO BAJO EN SAL
354;QUESO MOLIDO BAJO ENSAL;QUESO MOLIDO BAJO EN SAL
204;QUESO 1 BOLSA X 5 LBR MOLIDO;QUESO MOLIDO EN BOLSA
215;QUESO 2 BOLSAS X7 LBR MOLIDO;QUESO MOLIDO EN BOLSA
234;QUESO 3BS DE 10LB MOLIDO;QUESO MOLIDO EN BOLSA
335;QUESO MOLIDO 1BS DE 6LB;QUESO MOLIDO EN BOLSA
336;QUESO MOLIDO 1BS DE 7LB Y1BS DE 6LB;QUESO MOLIDO EN BOLSA
337;QUESO MOLIDO 2 BS DE 10LB;QUESO MOLIDO EN BOLSA
338;QUESO MOLIDO 2 BS DE 6LB Y 1 BS DE 7LB;QUESO MOLIDO EN BOLSA
340;QUESO MOLIDO 2BS DE 5 LB;QUESO MOLIDO EN BOLSA
341;QUESO MOLIDO 2BS DE 6LB;QUESO MOLIDO EN BOLSA
344;QUESO MOLIDO 3 BOLSAS X6 LBR;QUESO MOLIDO EN BOLSA
346;QUESO MOLIDO 3BS DE 10LB;QUESO MOLIDO EN BOLSA
348;QUESO MOLIDO 4BLS DE ARROBA;QUESO MOLIDO EN BOLSA
349;QUESO MOLIDO 4BS DE 1/2 @;QUESO MOLIDO EN BOLSA
355;QUESO MOLIDO BOLSAS 5;QUESO MOLIDO EN BOLSA
334;QUESO MOLIDO 15 PAQUETES X1000;QUESO MOLIDO EN PAQUETE
339;QUESO MOLIDO 2 PAQUETES X5KL;QUESO MOLIDO EN PAQUETE
342;QUESO MOLIDO 2PQ DE 3LB;QUESO MOLIDO EN PAQUETE
343;QUESO MOLIDO 2PQ X 6LB;QUESO MOLIDO EN PAQUETE
345;QUESO MOLIDO 3 PQ DE 10LB;QUESO MOLIDO EN PAQUETE
347;QUESO MOLIDO 3PQ DE 8LB;QUESO MOLIDO EN PAQUETE
350;QUESO MOLIDO 4PQ X 5LB;QUESO MOLIDO EN PAQUETE
351;QUESO MOLIDO 6PQ X 12.5 LB FYL;QUESO MOLIDO EN PAQUETE
352;QUESO MOLIDO 6PQ X 5LB;QUESO MOLIDO EN PAQUETE
359;QUESO MOLIDO PQTE X5 LBR;QUESO MOLIDO EN PAQUETE
360;QUESO MOLIDO SECO;QUESO MOLIDO SECO
314;QUESO DE MOLER;QUESO PARA MOLER
329;QUESO MOLER;QUESO PARA MOLER
364;QUESO PARA MOLER;QUESO PARA MOLER
384;QUESOPARA MOLER;QUESO PARA MOLER
365;QUESO PARA MOLER BAJO EN SAL;QUESO PARA MOLER BAJO EN SAL
366;QUESO PARA MOLER DURO SECO;QUESO PARA MOLER DURO SECO
367;QUESO PARA MOLER SECO;QUESO PARA MOLER SECO
330;QUESO MOLER SIMPLE;QUESO PARA MOLER SIMPLE
331;QUESO MOLER SUPER SECO;QUESO PARA MOLER SUPER SECO
368;QUESO PARA PAN DE BONO;QUESO PARA PAN DE BONO
369;QUESO PESADO X LIBRAS;QUESO PESADO
370;QUESO SARABENA LB X LB;QUESO SARABENA
371;QUESO SECO;QUESO SECO
372;QUESO SECO 1BS DE 15LB;QUESO SECO EN BOLSA
373;QUESO SECO 3 BS DE 10 LB;QUESO SECO EN BOLSA
374;QUESO SECO PARA MOLER;QUESO SECO PARA MOLER
375;QUESO SIMPLE;QUESO SIMPLE
376;QUESO SIMPLE DE CORTE DURO;QUESO SIMPLE DE CORTE DURO
377;QUESO SIN MOLER POR LIBRAS;QUESO SIN MOLER
381;QUESO X10LB;QUESO X10LB
383;QUESO XLIBRAS;QUESO XLIBRAS
385;RASPE PLASTICO BLANCO GRANDE;RASPE PLASTICO BLANCO GRANDE
386;SAL;SAL
387;SAL REFISAL X 1000 G;SAL REFISAL
388;SAL REFISAL X 25 KILOS;SAL REFISAL
389;SAL REFISAL X 50 KILOS;SAL REFISAL
390;SAL REFISAL X 500 G;SAL REFISAL
391;SALVADO X 25 KILOS;SALVADO
392;SEMILLA DE AMAPOLA X LIBRA;SEMILLA DE AMAPOLA
393;SEMILLA DE CHIA;SEMILLA DE CHIA
394;SNOW FLAKE HE X 12 KG;SNOW FLAKE HE
395;SNOW FLAKE HE X 25 KG;SNOW FLAKE HE
396;TEXFLO 3661 X 25 KILOS;TEXFLO
397;TEXFLO X 25 KG;TEXFLO
398;TEXFLO X25 KILOS;TEXFLO
399;UVA PASA X 10 KILOS;UVA PASA
400;UVA PASA X LIBRA;UVA PASA
401;UVAS PASAS CUBIERTAS CON CHOCOLATE;UVA PASA CUBIERTAS CON CHOCOLATE
402;VASO O COPA DARNEL CRISTAL MURANO;VASO O COPA DARNEL CRISTAL MURANO
